no.material,composition,T (C),Al,Co,Cr,Cu,Fe,Hf,Mn,Mo,Nb,Ni,Si,Ta,Ti,V,W,Zr,mass_change,trend if not parabolic,category,if extrapolated,citation
1,20Mo–20W–20Al–20Cr–20Ti ,1000,20,0,20,0,0,0,0,20,0,0,0,0,20,0,20,0,6.48,,HEA,,"B. Gorr et al., “High-Temperature Oxidation Behavior of Refractory High-Entropy Alloys: Effect of Alloy Composition,” Oxid. Met. 2017 883, vol. 88, no. 3, pp. 339–349, Jan. 2017."
1,20Mo–20W–20Al–20Cr–20Ti ,1100,20,0,20,0,0,0,0,20,0,0,0,0,20,0,20,0,5.504587156,,HEA,,"B. Gorr et al., “High-Temperature Oxidation Behavior of Refractory High-Entropy Alloys: Effect of Alloy Composition,” Oxid. Met. 2017 883, vol. 88, no. 3, pp. 339–349, Jan. 2017."
2,20Nb-20Mo-20Cr-20Ti-20Al ,900,20,0,20,0,0,0,0,20,20,0,0,0,20,0,0,0,0.447,,HEA,,"B. Gorr et al., “High temperature oxidation behavior of an equimolar refractory metal-based alloy 20Nb20Mo20Cr20Ti20Al with and without Si addition,” J. Alloys Compd., vol. 688, pp. 468–477, Dec. 2016."
2,20Nb-20Mo-20Cr-20Ti-20Al ,1000,20,0,20,0,0,0,0,20,20,0,0,0,20,0,0,0,2.77,,HEA,,"B. Gorr et al., “High-Temperature Oxidation Behavior of Refractory High-Entropy Alloys: Effect of Alloy Composition,” Oxid. Met. 2017 883, vol. 88, no. 3, pp. 339–349, Jan. 2017."
2,20Nb-20Mo-20Cr-20Ti-20Al ,1100,20,0,20,0,0,0,0,20,20,0,0,0,20,0,0,0,5.38,,HEA,,"B. Gorr et al., “High-Temperature Oxidation Behavior of Refractory High-Entropy Alloys: Effect of Alloy Composition,” Oxid. Met. 2017 883, vol. 88, no. 3, pp. 339–349, Jan. 2017."
3,20Ta-20Mo-20Cr-20Ti-20Al ,900,20,0,20,0,0,0,0,20,0,0,0,20,20,0,0,0,0.304,,HEA,,"B. Gorr et al., “Development of Oxidation Resistant Refractory High Entropy Alloys for High Temperature Applications: Recent Results and Development Strategy,” Miner. Met. Mater. Ser., vol. Part F12, pp. 647–659, 2018."
3,20Ta-20Mo-20Cr-20Ti-20Al ,1000,20,0,20,0,0,0,0,20,0,0,0,20,20,0,0,0,0.514,linear,HEA,,"B. Gorr et al., “High-Temperature Oxidation Behavior of Refractory High-Entropy Alloys: Effect of Alloy Composition,” Oxid. Met. 2017 883, vol. 88, no. 3, pp. 339–349, Jan. 2017."
3,20Ta-20Mo-20Cr-20Ti-20Al ,1100,20,0,20,0,0,0,0,20,0,0,0,20,20,0,0,0,1.94,,HEA,,"B. Gorr et al., “High-Temperature Oxidation Behavior of Refractory High-Entropy Alloys: Effect of Alloy Composition,” Oxid. Met. 2017 883, vol. 88, no. 3, pp. 339–349, Jan. 2017."
4,92Ni-6Cr-2Al,1000,2,0,6,0,0,0,0,0,0,92,0,0,0,0,0,0,5,,ref_NiCrAl,,"C. S. Giggins and F. S. Pettit, “Oxidation of  Ni ‐ Cr ‐ Al Alloys Between 1000° and 1200°C,” J. Electrochem. Soc., vol. 118, no. 11, p. 1782, Nov. 1971."
4,92Ni-6Cr-2Al,1100,2,0,6,0,0,0,0,0,0,92,0,0,0,0,0,0,12.5,,ref_NiCrAl,,"C. S. Giggins and F. S. Pettit, “Oxidation of  Ni ‐ Cr ‐ Al Alloys Between 1000° and 1200°C,” J. Electrochem. Soc., vol. 118, no. 11, p. 1782, Nov. 1971."
4,92Ni-6Cr-2Al,1200,2,0,6,0,0,0,0,0,0,92,0,0,0,0,0,0,25.46,,ref_NiCrAl,EXTRAPOLATE,"C. S. Giggins and F. S. Pettit, “Oxidation of  Ni ‐ Cr ‐ Al Alloys Between 1000° and 1200°C,” J. Electrochem. Soc., vol. 118, no. 11, p. 1782, Nov. 1971."
5,94Ni-6Cr,1100,0,0,6,0,0,0,0,0,0,94,0,0,0,0,0,0,14.18,,ref_NiCr,,"C. S. Giggins and F. S. Pettit, “Oxidation of  Ni ‐ Cr ‐ Al Alloys Between 1000° and 1200°C,” J. Electrochem. Soc., vol. 118, no. 11, p. 1782, Nov. 1971."
6,94Ni-6Al,1100,6,0,0,0,0,0,0,0,0,94,0,0,0,0,0,0,12.52,,ref_NiAl,EXTRAPOLATE,"C. S. Giggins and F. S. Pettit, “Oxidation of  Ni ‐ Cr ‐ Al Alloys Between 1000° and 1200°C,” J. Electrochem. Soc., vol. 118, no. 11, p. 1782, Nov. 1971."
7,64Ni-32Cr-4Al,1000,4,0,32,0,0,0,0,0,0,64,0,0,0,0,0,0,0.7,,ref_NiCrAl,,"C. S. Giggins and F. S. Pettit, “Oxidation of  Ni ‐ Cr ‐ Al Alloys Between 1000° and 1200°C,” J. Electrochem. Soc., vol. 118, no. 11, p. 1782, Nov. 1971."
7,64Ni-32Cr-4Al,1100,4,0,32,0,0,0,0,0,0,64,0,0,0,0,0,0,2.2,,ref_NiCrAl,,"C. S. Giggins and F. S. Pettit, “Oxidation of  Ni ‐ Cr ‐ Al Alloys Between 1000° and 1200°C,” J. Electrochem. Soc., vol. 118, no. 11, p. 1782, Nov. 1971."
7,64Ni-32Cr-4Al,1200,4,0,32,0,0,0,0,0,0,64,0,0,0,0,0,0,4.5,2-STAGE,ref_NiCrAl,EXTRAPOLATE,"C. S. Giggins and F. S. Pettit, “Oxidation of  Ni ‐ Cr ‐ Al Alloys Between 1000° and 1200°C,” J. Electrochem. Soc., vol. 118, no. 11, p. 1782, Nov. 1971."
8,67Ni-33Cr,1000,0,0,33,0,0,0,0,0,0,67,0,0,0,0,0,0,1.4,,ref_NiCr,EXTRAPOLATE,"C. S. Giggins and F. S. Pettit, “Oxidation of  Ni ‐ Cr ‐ Al Alloys Between 1000° and 1200°C,” J. Electrochem. Soc., vol. 118, no. 11, p. 1782, Nov. 1971."
8,67Ni-33Cr,1100,0,0,33,0,0,0,0,0,0,67,0,0,0,0,0,0,2.6,,ref_NiCr,EXTRAPOLATE,"C. S. Giggins and F. S. Pettit, “Oxidation of  Ni ‐ Cr ‐ Al Alloys Between 1000° and 1200°C,” J. Electrochem. Soc., vol. 118, no. 11, p. 1782, Nov. 1971."
8,67Ni-33Cr,1200,0,0,33,0,0,0,0,0,0,67,0,0,0,0,0,0,4.6,,ref_NiCr,EXTRAPOLATE,"C. S. Giggins and F. S. Pettit, “Oxidation of  Ni ‐ Cr ‐ Al Alloys Between 1000° and 1200°C,” J. Electrochem. Soc., vol. 118, no. 11, p. 1782, Nov. 1971."
9,74Ni-22Cr-4Al,1000,4,0,22,0,0,0,0,0,0,74,0,0,0,0,0,0,0.4,,ref_NiCrAl,EXTRAPOLATE,"C. S. Giggins and F. S. Pettit, “Oxidation of  Ni ‐ Cr ‐ Al Alloys Between 1000° and 1200°C,” J. Electrochem. Soc., vol. 118, no. 11, p. 1782, Nov. 1971."
9,74Ni-22Cr-4Al,1100,4,0,22,0,0,0,0,0,0,74,0,0,0,0,0,0,1.6,,ref_NiCrAl,EXTRAPOLATE,"C. S. Giggins and F. S. Pettit, “Oxidation of  Ni ‐ Cr ‐ Al Alloys Between 1000° and 1200°C,” J. Electrochem. Soc., vol. 118, no. 11, p. 1782, Nov. 1971."
9,74Ni-22Cr-4Al,1200,4,0,22,0,0,0,0,0,0,74,0,0,0,0,0,0,2.23,,ref_NiCrAl,EXTRAPOLATE,"C. S. Giggins and F. S. Pettit, “Oxidation of  Ni ‐ Cr ‐ Al Alloys Between 1000° and 1200°C,” J. Electrochem. Soc., vol. 118, no. 11, p. 1782, Nov. 1971."
10,58Ni-42Al,1000,42,0,0,0,0,0,0,0,0,58,0,0,0,0,0,0,0.1,,ref_NiAl,EXTRAPOLATE,"C. S. Giggins and F. S. Pettit, “Oxidation of  Ni ‐ Cr ‐ Al Alloys Between 1000° and 1200°C,” J. Electrochem. Soc., vol. 118, no. 11, p. 1782, Nov. 1971."
10,58Ni-42Al,1100,42,0,0,0,0,0,0,0,0,58,0,0,0,0,0,0,0.2,,ref_NiAl,EXTRAPOLATE,"C. S. Giggins and F. S. Pettit, “Oxidation of  Ni ‐ Cr ‐ Al Alloys Between 1000° and 1200°C,” J. Electrochem. Soc., vol. 118, no. 11, p. 1782, Nov. 1971."
10,58Ni-42Al,1200,42,0,0,0,0,0,0,0,0,58,0,0,0,0,0,0,0.5,,ref_NiAl,EXTRAPOLATE,"C. S. Giggins and F. S. Pettit, “Oxidation of  Ni ‐ Cr ‐ Al Alloys Between 1000° and 1200°C,” J. Electrochem. Soc., vol. 118, no. 11, p. 1782, Nov. 1971."
11,67.5Ni-20.5Cr-12Al,1200,12,0,20.5,0,0,0,0,0,0,67.5,0,0,0,0,0,0,0.97,,ref_NiCrAl,EXTRAPOLATE,"C. S. Giggins and F. S. Pettit, “Oxidation of  Ni ‐ Cr ‐ Al Alloys Between 1000° and 1200°C,” J. Electrochem. Soc., vol. 118, no. 11, p. 1782, Nov. 1971."
12,83Ni-5Cr-12Al,1000,12,0,5,0,0,0,0,0,0,83,0,0,0,0,0,0,0.2,2-STAGE,ref_NiCrAl,,"C. S. Giggins and F. S. Pettit, “Oxidation of  Ni ‐ Cr ‐ Al Alloys Between 1000° and 1200°C,” J. Electrochem. Soc., vol. 118, no. 11, p. 1782, Nov. 1971."
12,83Ni-5Cr-12Al,1100,12,0,5,0,0,0,0,0,0,83,0,0,0,0,0,0,0.32,,ref_NiCrAl,,"C. S. Giggins and F. S. Pettit, “Oxidation of  Ni ‐ Cr ‐ Al Alloys Between 1000° and 1200°C,” J. Electrochem. Soc., vol. 118, no. 11, p. 1782, Nov. 1971."
12,83Ni-5Cr-12Al,1200,12,0,5,0,0,0,0,0,0,83,0,0,0,0,0,0,0.75,,ref_NiCrAl,EXTRAPOLATE,"C. S. Giggins and F. S. Pettit, “Oxidation of  Ni ‐ Cr ‐ Al Alloys Between 1000° and 1200°C,” J. Electrochem. Soc., vol. 118, no. 11, p. 1782, Nov. 1971."
13,19.8Nb-19.8Mo-19.8Cr-19.8Ti-19.8Al-1Si,900,19.8,0,19.8,0,0,0,0,19.8,0,0,1,19.8,19.8,0,0,0,0.68,linear,HEA,,"B. Gorr et al., “High temperature oxidation behavior of an equimolar refractory metal-based alloy 20Nb20Mo20Cr20Ti20Al with and without Si addition,” J. Alloys Compd., vol. 688, pp. 468–477, Dec. 2016."
13,19.8Nb-19.8Mo-19.8Cr-19.8Ti-19.8Al-1Si,1000,19.8,0,19.8,0,0,0,0,19.8,0,0,1,19.8,19.8,0,0,0,2.27,,HEA,,"B. Gorr et al., “High temperature oxidation behavior of an equimolar refractory metal-based alloy 20Nb20Mo20Cr20Ti20Al with and without Si addition,” J. Alloys Compd., vol. 688, pp. 468–477, Dec. 2016."
13,19.8Nb-19.8Mo-19.8Cr-19.8Ti-19.8Al-1Si,1100,19.8,0,19.8,0,0,0,0,19.8,0,0,1,19.8,19.8,0,0,0,2.8,,HEA,,"B. Gorr et al., “High temperature oxidation behavior of an equimolar refractory metal-based alloy 20Nb20Mo20Cr20Ti20Al with and without Si addition,” J. Alloys Compd., vol. 688, pp. 468–477, Dec. 2016."
14,8Al-17Co-17Cr-8Cu-17Fe-Ni33,800,8,17,17,8,17,0,0,0,0,33,0,0,0,0,0,0,0.067,,HEA,,"H. M. Daoud, A. M. Manzoni, R. Völkl, N. Wanderka, and U. Glatzel, “Oxidation Behavior of Al8Co17Cr17Cu8Fe17Ni33, Al23Co15Cr23Cu8Fe15Ni15, and Al17Co17Cr17Cu17Fe17Ni17 Compositionally Complex Alloys (High-Entropy Alloys) at Elevated Temperatures in Air,” Adv. Eng. Mater., vol. 17, no. 8, pp. 1134–1141, Aug. 2015."
14,8Al-17Co-17Cr-8Cu-17Fe-Ni33,1000,8,17,17,8,17,0,0,0,0,33,0,0,0,0,0,0,0.33,sub-parabolic,HEA,,"H. M. Daoud, A. M. Manzoni, R. Völkl, N. Wanderka, and U. Glatzel, “Oxidation Behavior of Al8Co17Cr17Cu8Fe17Ni33, Al23Co15Cr23Cu8Fe15Ni15, and Al17Co17Cr17Cu17Fe17Ni17 Compositionally Complex Alloys (High-Entropy Alloys) at Elevated Temperatures in Air,” Adv. Eng. Mater., vol. 17, no. 8, pp. 1134–1141, Aug. 2015."
15,23Al-15Co-23Cr-8Cu-15Fe-15Ni,800,23,15,23,8,15,0,0,0,0,15,0,0,0,0,0,0,0.092,,HEA,,"H. M. Daoud, A. M. Manzoni, R. Völkl, N. Wanderka, and U. Glatzel, “Oxidation Behavior of Al8Co17Cr17Cu8Fe17Ni33, Al23Co15Cr23Cu8Fe15Ni15, and Al17Co17Cr17Cu17Fe17Ni17 Compositionally Complex Alloys (High-Entropy Alloys) at Elevated Temperatures in Air,” Adv. Eng. Mater., vol. 17, no. 8, pp. 1134–1141, Aug. 2015."
15,23Al-15Co-23Cr-8Cu-15Fe-15Ni,1000,23,15,23,8,15,0,0,0,0,15,0,0,0,0,0,0,0.12,,HEA,,"H. M. Daoud, A. M. Manzoni, R. Völkl, N. Wanderka, and U. Glatzel, “Oxidation Behavior of Al8Co17Cr17Cu8Fe17Ni33, Al23Co15Cr23Cu8Fe15Ni15, and Al17Co17Cr17Cu17Fe17Ni17 Compositionally Complex Alloys (High-Entropy Alloys) at Elevated Temperatures in Air,” Adv. Eng. Mater., vol. 17, no. 8, pp. 1134–1141, Aug. 2015."
16,17Al-17Co-17Cr-17Cu-17Fe-17Ni,800,16.7,16.7,16.7,17,16.7,0,0,0,0,16.7,0,0,0,0,0,0,0.067,,HEA,,"H. M. Daoud, A. M. Manzoni, R. Völkl, N. Wanderka, and U. Glatzel, “Oxidation Behavior of Al8Co17Cr17Cu8Fe17Ni33, Al23Co15Cr23Cu8Fe15Ni15, and Al17Co17Cr17Cu17Fe17Ni17 Compositionally Complex Alloys (High-Entropy Alloys) at Elevated Temperatures in Air,” Adv. Eng. Mater., vol. 17, no. 8, pp. 1134–1141, Aug. 2015."
16,17Al-17Co-17Cr-17Cu-17Fe-17Ni,1000,16.7,16.7,16.7,17,16.7,0,0,0,0,16.7,0,0,0,0,0,0,0.1,,HEA,,"H. M. Daoud, A. M. Manzoni, R. Völkl, N. Wanderka, and U. Glatzel, “Oxidation Behavior of Al8Co17Cr17Cu8Fe17Ni33, Al23Co15Cr23Cu8Fe15Ni15, and Al17Co17Cr17Cu17Fe17Ni17 Compositionally Complex Alloys (High-Entropy Alloys) at Elevated Temperatures in Air,” Adv. Eng. Mater., vol. 17, no. 8, pp. 1134–1141, Aug. 2015."
17,33Co-33Fe-33Ni,800,0,33.3,0,0,33.3,0,0,0,0,33.3,0,0,0,0,0,0,4.4,,HEA,,"W. Kai, W. L. Jang, R. T. Huang, C. C. Lee, H. H. Hsieh, and C. F. Du, “Air Oxidation of FeCoNi-Base Equi-Molar Alloys at 800–1000°C,” Oxid. Met. 2005 633, vol. 63, no. 3, pp. 169–192, Apr. 2005."
17,33Co-33Fe-33Ni,900,0,33.3,0,0,33.3,0,0,0,0,33.3,0,0,0,0,0,0,9.2,,HEA,,"W. Kai, W. L. Jang, R. T. Huang, C. C. Lee, H. H. Hsieh, and C. F. Du, “Air Oxidation of FeCoNi-Base Equi-Molar Alloys at 800–1000°C,” Oxid. Met. 2005 633, vol. 63, no. 3, pp. 169–192, Apr. 2005."
17,33Co-33Fe-33Ni,1000,0,33.3,0,0,33.3,0,0,0,0,33.3,0,0,0,0,0,0,16.2,,HEA,,"W. Kai, W. L. Jang, R. T. Huang, C. C. Lee, H. H. Hsieh, and C. F. Du, “Air Oxidation of FeCoNi-Base Equi-Molar Alloys at 800–1000°C,” Oxid. Met. 2005 633, vol. 63, no. 3, pp. 169–192, Apr. 2005."
18,25Ni-25Cr-25Fe-25Co,750,0.15,24.78,24.5,0,24.95,0,0.52,0,0,25.1,0,0,0,0,0,0,0.044,,HEA,,"G. R. Holcomb, J. Tylczak, and C. Carney, “Oxidation of CoCrFeMnNi High Entropy Alloys,” JOM 2015 6710, vol. 67, no. 10, pp. 2326–2339, Jun. 2015."
18,25Co-25Cr-25Fe-25Ni,800,0,25,25,0,25,0,0,0,0,25,0,0,0,0,0,0,0.1,,HEA,,"W. Kai, W. L. Jang, R. T. Huang, C. C. Lee, H. H. Hsieh, and C. F. Du, “Air Oxidation of FeCoNi-Base Equi-Molar Alloys at 800–1000°C,” Oxid. Met. 2005 633, vol. 63, no. 3, pp. 169–192, Apr. 2005."
18,25Co-25Cr-25Fe-25Ni,900,0,25,25,0,25,0,0,0,0,25,0,0,0,0,0,0,1,2stage-parabolic,HEA,,"W. Kai, W. L. Jang, R. T. Huang, C. C. Lee, H. H. Hsieh, and C. F. Du, “Air Oxidation of FeCoNi-Base Equi-Molar Alloys at 800–1000°C,” Oxid. Met. 2005 633, vol. 63, no. 3, pp. 169–192, Apr. 2005."
18,25Co-25Cr-25Fe-25Ni,1000,0,25,25,0,25,0,0,0,0,25,0,0,0,0,0,0,1.6,2stage-parabolic,HEA,,"W. Kai, W. L. Jang, R. T. Huang, C. C. Lee, H. H. Hsieh, and C. F. Du, “Air Oxidation of FeCoNi-Base Equi-Molar Alloys at 800–1000°C,” Oxid. Met. 2005 633, vol. 63, no. 3, pp. 169–192, Apr. 2005."
19,20Co-20Cr-20Fe-20Ni-20Cu,800,0,20,20,20,20,0,0,0,0,20,0,0,0,0,0,0,0.48,,HEA,,"W. Kai, W. L. Jang, R. T. Huang, C. C. Lee, H. H. Hsieh, and C. F. Du, “Air Oxidation of FeCoNi-Base Equi-Molar Alloys at 800–1000°C,” Oxid. Met. 2005 633, vol. 63, no. 3, pp. 169–192, Apr. 2005."
19,20Co-20Cr-20Fe-20Ni-20Cu,900,0,20,20,20,20,0,0,0,0,20,0,0,0,0,0,0,1.16,,HEA,,"W. Kai, W. L. Jang, R. T. Huang, C. C. Lee, H. H. Hsieh, and C. F. Du, “Air Oxidation of FeCoNi-Base Equi-Molar Alloys at 800–1000°C,” Oxid. Met. 2005 633, vol. 63, no. 3, pp. 169–192, Apr. 2005."
19,20Co-20Cr-20Fe-20Ni-20Cu,1000,0,20,20,20,20,0,0,0,0,20,0,0,0,0,0,0,5.1,,HEA,,"W. Kai, W. L. Jang, R. T. Huang, C. C. Lee, H. H. Hsieh, and C. F. Du, “Air Oxidation of FeCoNi-Base Equi-Molar Alloys at 800–1000°C,” Oxid. Met. 2005 633, vol. 63, no. 3, pp. 169–192, Apr. 2005."
20,316 ss steel,800,0,0,17.7,0,62.4,0,2,1.7,0,11.2,1.5,0,0,0,0,0,0.1,,ref_ss,EXTRAPOLATE,"W. Kai, W. L. Jang, R. T. Huang, C. C. Lee, H. H. Hsieh, and C. F. Du, “Air Oxidation of FeCoNi-Base Equi-Molar Alloys at 800–1000°C,” Oxid. Met. 2005 633, vol. 63, no. 3, pp. 169–192, Apr. 2005."
20,316 ss steel,900,0,0,17.7,0,62.4,0,2,1.7,0,11.2,1.5,0,0,0,0,0,0.89,,ref_ss,EXTRAPOLATE,"W. Kai, W. L. Jang, R. T. Huang, C. C. Lee, H. H. Hsieh, and C. F. Du, “Air Oxidation of FeCoNi-Base Equi-Molar Alloys at 800–1000°C,” Oxid. Met. 2005 633, vol. 63, no. 3, pp. 169–192, Apr. 2005."
20,316 ss steel,1000,0,0,17.7,0,62.4,0,2,1.7,0,11.2,1.5,0,0,0,0,0,6.22,,ref_ss,EXTRAPOLATE,"W. Kai, W. L. Jang, R. T. Huang, C. C. Lee, H. H. Hsieh, and C. F. Du, “Air Oxidation of FeCoNi-Base Equi-Molar Alloys at 800–1000°C,” Oxid. Met. 2005 633, vol. 63, no. 3, pp. 169–192, Apr. 2005."
21,20Nb-20Cr-20Mo-20Ti-10Al,1300,9.97,0,24.7,0,0,0,0,20.01,21.81,0,0,0,23.5,0,0,0,150.26,linear,HEA,,"C. M. Liu, H. M. Wang, S. Q. Zhang, H. B. Tang, and A. L. Zhang, “Microstructure and oxidation behavior of new refractory high entropy alloys,” J. Alloys Compd., vol. 583, pp. 162–169, Jan. 2014."
22,20Nb-20Cr-20Mo-20V-10Al,1300,10.15,0,23.04,0,0,0,0,22.16,22.5,0,0,0,0,22.2,0,0,346.33,linear,HEA,,"C. M. Liu, H. M. Wang, S. Q. Zhang, H. B. Tang, and A. L. Zhang, “Microstructure and oxidation behavior of new refractory high entropy alloys,” J. Alloys Compd., vol. 583, pp. 162–169, Jan. 2014."
23,18Nb-18Cr-18Mo-18Ti-18V-8Al,1300,8.15,0,18.92,0,0,0,0,18.08,18.35,0,0,0,18.12,18.4,0,0,268.45,linear,HEA,,"C. M. Liu, H. M. Wang, S. Q. Zhang, H. B. Tang, and A. L. Zhang, “Microstructure and oxidation behavior of new refractory high entropy alloys,” J. Alloys Compd., vol. 583, pp. 162–169, Jan. 2014."
24,17Nb-17Cr-17Mo-17Ti-17V-8Al-6Si ,1300,6.96,0,16.95,0,0,0,0,17.14,17.68,0,5.69,0,18.26,17.3,0,0,196.07,linear,HEA,,"C. M. Liu, H. M. Wang, S. Q. Zhang, H. B. Tang, and A. L. Zhang, “Microstructure and oxidation behavior of new refractory high entropy alloys,” J. Alloys Compd., vol. 583, pp. 162–169, Jan. 2014."
25,25Nb-25Ti-25Zr-25V,1000,0,0,0,0,0,0,0,0,28.3,0,0,0,24.5,23,0,24.2,235.13,2stage-parabolic,HEA,,"T. M. Butler, K. J. Chaput, J. R. Dietrich, and O. N. Senkov, “High temperature oxidation behaviors of equimolar NbTiZrV and NbTiZrCr refractory complex concentrated alloys (RCCAs),” J. Alloys Compd., vol. 729, pp. 1004–1019, Dec. 2017."
26,25Nb-25Ti-25Zr-25Cr,1000,0,0,24.6,0,0,0,0,0,26.7,0,0,0,23.9,0,0,24.8,65.06,2stage-parabolic,HEA,,"T. M. Butler, K. J. Chaput, J. R. Dietrich, and O. N. Senkov, “High temperature oxidation behaviors of equimolar NbTiZrV and NbTiZrCr refractory complex concentrated alloys (RCCAs),” J. Alloys Compd., vol. 729, pp. 1004–1019, Dec. 2017."
27,10Al-22.5Co-22.5Cr-22.5Fe-22.5Ni,1050,10,22.5,22.5,0,22.5,0,0,0,0,22.5,0,0,0,0,0,0,1.27,2stage-parabolic,HEA,,"T. M. Butler, J. P. Alfano, R. L. Martens, and M. L. Weaver, “High-Temperature Oxidation Behavior of Al-Co-Cr-Ni-(Fe or Si) Multicomponent High-Entropy Alloys,” Jom, vol. 67, no. 1, pp. 246–259, 2015."
27,10Al-22.5Co-22.5Cr-22.5Fe-22.5Ni,700,10,22.5,22.5,0,22.5,0,0,0,0,22.5,0,0,0,0,0,0,0.81,,HEA,,"H. S. Grewal et al., “Activation Energy and High Temperature Oxidation Behavior of Multi-Principal Element Alloy,” Adv. Eng. Mater., vol. 19, no. 11, p. 1700182, Nov. 2017."
27,10Al-22.5Co-22.5Cr-22.5Fe-22.5Ni,800,10,22.5,22.5,0,22.5,0,0,0,0,22.5,0,0,0,0,0,0,3.07,,HEA,,"H. S. Grewal et al., “Activation Energy and High Temperature Oxidation Behavior of Multi-Principal Element Alloy,” Adv. Eng. Mater., vol. 19, no. 11, p. 1700182, Nov. 2017."
27,10Al-22.5Co-22.5Cr-22.5Fe-22.5Ni,900,10,22.5,22.5,0,22.5,0,0,0,0,22.5,0,0,0,0,0,0,4.85,,HEA,,"H. S. Grewal et al., “Activation Energy and High Temperature Oxidation Behavior of Multi-Principal Element Alloy,” Adv. Eng. Mater., vol. 19, no. 11, p. 1700182, Nov. 2017."
28,T91 steel,900,0,0,10.1,0,86.73,0,0.6,0.6,0.06,0,0.99,0,0,0.27,0,0,63.71,,ref-s,,"H. S. Grewal et al., “Activation Energy and High Temperature Oxidation Behavior of Multi-Principal Element Alloy,” Adv. Eng. Mater., vol. 19, no. 11, p. 1700182, Nov. 2017."
29,SA 516 steel,900,0,0,0,0,97.62,0,0.94,0,0,0,0.2,0,0,0,0,0,130.56,,ref-s,,"H. S. Grewal et al., “Activation Energy and High Temperature Oxidation Behavior of Multi-Principal Element Alloy,” Adv. Eng. Mater., vol. 19, no. 11, p. 1700182, Nov. 2017."
30,T22 steel,900,0,0,2.78,0,94.76,0,0.61,0.66,0,0,0.5,0,0,0,0,0,163.59,,ref-s,,"H. S. Grewal et al., “Activation Energy and High Temperature Oxidation Behavior of Multi-Principal Element Alloy,” Adv. Eng. Mater., vol. 19, no. 11, p. 1700182, Nov. 2017."
31,60Co-20Ni-9Al-9W-2Cr,900,9,60,2,0,0,0,0,0,0,20,0,0,0,0,9,0,3.2,,HEA,EXTRAPOLATE,"T. Ito, S. Ikeda, and K. Tanaka, “Improvement in High Temperature Oxidation Resistance of Co-Al-W Based Superalloys,” MRS Online Proc. Libr. 2015 17601, vol. 1760, no. 1, pp. 222–227, Jul. 2015."
31,60Co-20Ni-9Al-9W-2Cr,1000,9,60,2,0,0,0,0,0,0,20,0,0,0,0,9,0,6.9,,HEA,EXTRAPOLATE,"T. Ito, S. Ikeda, and K. Tanaka, “Improvement in High Temperature Oxidation Resistance of Co-Al-W Based Superalloys,” MRS Online Proc. Libr. 2015 17601, vol. 1760, no. 1, pp. 222–227, Jul. 2015."
32,58Co-20Ni-9Al-9W-4Cr,900,9,58,4,0,0,0,0,0,0,20,0,0,0,0,9,0,2.7,,HEA,EXTRAPOLATE,"T. Ito, S. Ikeda, and K. Tanaka, “Improvement in High Temperature Oxidation Resistance of Co-Al-W Based Superalloys,” MRS Online Proc. Libr. 2015 17601, vol. 1760, no. 1, pp. 222–227, Jul. 2015."
32,58Co-20Ni-9Al-9W-4Cr,1000,9,58,4,0,0,0,0,0,0,20,0,0,0,0,9,0,5.9,,HEA,EXTRAPOLATE,"T. Ito, S. Ikeda, and K. Tanaka, “Improvement in High Temperature Oxidation Resistance of Co-Al-W Based Superalloys,” MRS Online Proc. Libr. 2015 17601, vol. 1760, no. 1, pp. 222–227, Jul. 2015."
33,56Co-20Ni-9Al-9W-6Cr,900,9,56,6,0,0,0,0,0,0,20,0,0,0,0,9,0,2.6,,HEA,EXTRAPOLATE,"T. Ito, S. Ikeda, and K. Tanaka, “Improvement in High Temperature Oxidation Resistance of Co-Al-W Based Superalloys,” MRS Online Proc. Libr. 2015 17601, vol. 1760, no. 1, pp. 222–227, Jul. 2015."
33,56Co-20Ni-9Al-9W-6Cr,1000,9,56,6,0,0,0,0,0,0,20,0,0,0,0,9,0,4,,HEA,EXTRAPOLATE,"T. Ito, S. Ikeda, and K. Tanaka, “Improvement in High Temperature Oxidation Resistance of Co-Al-W Based Superalloys,” MRS Online Proc. Libr. 2015 17601, vol. 1760, no. 1, pp. 222–227, Jul. 2015."
34,54Co-20Ni-9Al-9W-8Cr,900,9,54,8,0,0,0,0,0,0,20,0,0,0,0,9,0,1.9,,HEA,EXTRAPOLATE,"T. Ito, S. Ikeda, and K. Tanaka, “Improvement in High Temperature Oxidation Resistance of Co-Al-W Based Superalloys,” MRS Online Proc. Libr. 2015 17601, vol. 1760, no. 1, pp. 222–227, Jul. 2015."
34,54Co-20Ni-9Al-9W-8Cr,1000,9,54,8,0,0,0,0,0,0,20,0,0,0,0,9,0,3,,HEA,EXTRAPOLATE,"T. Ito, S. Ikeda, and K. Tanaka, “Improvement in High Temperature Oxidation Resistance of Co-Al-W Based Superalloys,” MRS Online Proc. Libr. 2015 17601, vol. 1760, no. 1, pp. 222–227, Jul. 2015."
35,52Co-20Ni-9Al-9W-10Cr,900,9,52,10,0,0,0,0,0,0,20,0,0,0,0,9,0,0.4,,HEA,EXTRAPOLATE,"T. Ito, S. Ikeda, and K. Tanaka, “Improvement in High Temperature Oxidation Resistance of Co-Al-W Based Superalloys,” MRS Online Proc. Libr. 2015 17601, vol. 1760, no. 1, pp. 222–227, Jul. 2015."
35,52Co-20Ni-9Al-9W-10Cr,1000,9,52,10,0,0,0,0,0,0,20,0,0,0,0,9,0,1.6,,HEA,EXTRAPOLATE,"T. Ito, S. Ikeda, and K. Tanaka, “Improvement in High Temperature Oxidation Resistance of Co-Al-W Based Superalloys,” MRS Online Proc. Libr. 2015 17601, vol. 1760, no. 1, pp. 222–227, Jul. 2015."
36,82Co–9Al–9W–0.08B,800,8.9,81.5,0,0,0,0,0,0,0,0,0,0,0,0,9.5,0,2.37,,HEA,EXTRAPOLATE,"L. Klein, A. Bauer, S. Neumeier, M. Göken, and S. Virtanen, “High temperature oxidation of γ/γ′-strengthened Co-base superalloys,” Corros. Sci., vol. 53, no. 5, pp. 2027–2034, May 2011."
36,81Co–9Al–9W–0.08B,900,8.9,81.5,0,0,0,0,0,0,0,0,0,0,0,0,9.5,0,6.4,,HEA,EXTRAPOLATE,"L. Klein, A. Bauer, S. Neumeier, M. Göken, and S. Virtanen, “High temperature oxidation of γ/γ′-strengthened Co-base superalloys,” Corros. Sci., vol. 53, no. 5, pp. 2027–2034, May 2011."
37,82Co–9Al–9W–0.12B,800,8.8,81.8,0,0,0,0,0,0,0,0,0,0,0,0,9.3,0,1.81,,HEA,EXTRAPOLATE,"L. Klein, A. Bauer, S. Neumeier, M. Göken, and S. Virtanen, “High temperature oxidation of γ/γ′-strengthened Co-base superalloys,” Corros. Sci., vol. 53, no. 5, pp. 2027–2034, May 2011."
37,82Co–9Al–9W–0.12B,900,8.8,81.8,0,0,0,0,0,0,0,0,0,0,0,0,9.3,0,4.26,,HEA,EXTRAPOLATE,"L. Klein, A. Bauer, S. Neumeier, M. Göken, and S. Virtanen, “High temperature oxidation of γ/γ′-strengthened Co-base superalloys,” Corros. Sci., vol. 53, no. 5, pp. 2027–2034, May 2011."
38,80Co-9Al-9W-2Ta-0.02B,800,9,79.98,0,0,0,0,0,0,0,0,0,2,0,0,9,0,2.11,,HEA,,"F. Zhong, F. Fan, S. Li, and J. Sha, “High-temperature oxidation behaviour of novel Co-Al-W-Ta-B-(Mo, Hf, Nb) alloys with a coherent γ/γ’–dominant microstructure,” Prog. Nat. Sci. Mater. Int., vol. 26, no. 6, pp. 600–612, Dec. 2016."
38,80Co-9Al-9W-2Ta-0.02B,900,9,79.98,0,0,0,0,0,0,0,0,0,2,0,0,9,0,3.12,,HEA,,"F. Zhong, F. Fan, S. Li, and J. Sha, “High-temperature oxidation behaviour of novel Co-Al-W-Ta-B-(Mo, Hf, Nb) alloys with a coherent γ/γ’–dominant microstructure,” Prog. Nat. Sci. Mater. Int., vol. 26, no. 6, pp. 600–612, Dec. 2016."
39,78Co-9Al-7W-2Ta-0.02B-2Hf,800,9,79.98,0,0,0,2,0,0,0,0,0,2,0,0,7,0,3.39,,HEA,,"F. Zhong, F. Fan, S. Li, and J. Sha, “High-temperature oxidation behaviour of novel Co-Al-W-Ta-B-(Mo, Hf, Nb) alloys with a coherent γ/γ’–dominant microstructure,” Prog. Nat. Sci. Mater. Int., vol. 26, no. 6, pp. 600–612, Dec. 2016."
39,78Co-9Al-7W-2Ta-0.02B-2Hf,900,9,79.98,0,0,0,2,0,0,0,0,0,2,0,0,7,0,9.45,,HEA,,"F. Zhong, F. Fan, S. Li, and J. Sha, “High-temperature oxidation behaviour of novel Co-Al-W-Ta-B-(Mo, Hf, Nb) alloys with a coherent γ/γ’–dominant microstructure,” Prog. Nat. Sci. Mater. Int., vol. 26, no. 6, pp. 600–612, Dec. 2016."
40,78Co-9Al-7W-2Ta-0.02B-2Nb,800,9,79.98,0,0,0,0,0,0,2,0,0,2,0,0,7,0,2.86,,HEA,,"F. Zhong, F. Fan, S. Li, and J. Sha, “High-temperature oxidation behaviour of novel Co-Al-W-Ta-B-(Mo, Hf, Nb) alloys with a coherent γ/γ’–dominant microstructure,” Prog. Nat. Sci. Mater. Int., vol. 26, no. 6, pp. 600–612, Dec. 2016."
40,78Co-9Al-7W-2Ta-0.02B-2Nb,900,9,79.98,0,0,0,0,0,0,2,0,0,2,0,0,7,0,8.93,,HEA,,"F. Zhong, F. Fan, S. Li, and J. Sha, “High-temperature oxidation behaviour of novel Co-Al-W-Ta-B-(Mo, Hf, Nb) alloys with a coherent γ/γ’–dominant microstructure,” Prog. Nat. Sci. Mater. Int., vol. 26, no. 6, pp. 600–612, Dec. 2016."
41,78Co-9Al-7W-2Ta-0.02B-2Mo,800,9,79.98,0,0,0,0,0,2,0,0,0,2,0,0,7,0,3.91,,HEA,,"F. Zhong, F. Fan, S. Li, and J. Sha, “High-temperature oxidation behaviour of novel Co-Al-W-Ta-B-(Mo, Hf, Nb) alloys with a coherent γ/γ’–dominant microstructure,” Prog. Nat. Sci. Mater. Int., vol. 26, no. 6, pp. 600–612, Dec. 2016."
41,78Co-9Al-7W-2Ta-0.02B-2Mo,900,9,79.98,0,0,0,0,0,2,0,0,0,2,0,0,7,0,10.18,,HEA,,"F. Zhong, F. Fan, S. Li, and J. Sha, “High-temperature oxidation behaviour of novel Co-Al-W-Ta-B-(Mo, Hf, Nb) alloys with a coherent γ/γ’–dominant microstructure,” Prog. Nat. Sci. Mater. Int., vol. 26, no. 6, pp. 600–612, Dec. 2016."
42,82Co–9Al–9W–0.04B,800,8.4,81.9,0,0,0,0,0,0,0,0,0,0,0,0,9.7,0,2.07,,HEA,EXTRAPOLATE,"L. Klein, Y. Shen, M. S. Killian, and S. Virtanen, “Effect of B and Cr on the high temperature oxidation behaviour of novel γ/γ′-strengthened Co-base superalloys,” Corros. Sci., vol. 53, no. 9, pp. 2713–2720, Sep. 2011."
43,78Co–9Al–9W–0.04B-4Cr,800,8.6,77.8,4.1,0,0,0,0,0,0,0,0,0,0,0,9.5,0,0.99,,HEA,EXTRAPOLATE,"L. Klein, Y. Shen, M. S. Killian, and S. Virtanen, “Effect of B and Cr on the high temperature oxidation behaviour of novel γ/γ′-strengthened Co-base superalloys,” Corros. Sci., vol. 53, no. 9, pp. 2713–2720, Sep. 2011."
44,74Co–9Al–9W–0.04B-8Cr,800,8.7,73.8,8.2,0,0,0,0,0,0,0,0,0,0,0,9.3,0,0.134,,HEA,EXTRAPOLATE,"L. Klein, Y. Shen, M. S. Killian, and S. Virtanen, “Effect of B and Cr on the high temperature oxidation behaviour of novel γ/γ′-strengthened Co-base superalloys,” Corros. Sci., vol. 53, no. 9, pp. 2713–2720, Sep. 2011."
45,MAR-M:Co-base superalloy,800,0,59.1,25.8,0,0,0,0,0,0,9.3,0,1,0,0,2.1,0,0.52,,ref-super,EXTRAPOLATE,"L. Klein, Y. Shen, M. S. Killian, and S. Virtanen, “Effect of B and Cr on the high temperature oxidation behaviour of novel γ/γ′-strengthened Co-base superalloys,” Corros. Sci., vol. 53, no. 9, pp. 2713–2720, Sep. 2011."
46,20Cr-20Mn-20Fe-20Co-20Ni,700,0,20,20,0,20,0,20,0,0,20,0,0,0,0,0,0,0.33,,HEA,,"G. Laplanche, U. F. Volkert, G. Eggeler, and E. P. George, “Oxidation Behavior of the CrMnFeCoNi High-Entropy Alloy,” Oxid. Met. 2016 855, vol. 85, no. 5, pp. 629–645, Mar. 2016."
46,20Cr-20Mn-20Fe-20Co-20Ni,800,0,20,20,0,20,0,20,0,0,20,0,0,0,0,0,0,0.73,,HEA,,"G. Laplanche, U. F. Volkert, G. Eggeler, and E. P. George, “Oxidation Behavior of the CrMnFeCoNi High-Entropy Alloy,” Oxid. Met. 2016 855, vol. 85, no. 5, pp. 629–645, Mar. 2016."
46,20Cr-20Mn-20Fe-20Co-20Ni,900,0,20,20,0,20,0,20,0,0,20,0,0,0,0,0,0,1.28,,HEA,,"G. Laplanche, U. F. Volkert, G. Eggeler, and E. P. George, “Oxidation Behavior of the CrMnFeCoNi High-Entropy Alloy,” Oxid. Met. 2016 855, vol. 85, no. 5, pp. 629–645, Mar. 2016."
47,austenite steel,700,0,0,10,0,70,0,17.8,0,0,0.9,0,0,0,0,0,0,0.3,,ref-s,,"D. L. Douglass, F. Gesmundo, and C. de Asmundis, “The air oxidation of an austenitic Fe-Mn-Cr stainless steel for fusion-reactor applications,” Oxid. Met. 1986 253, vol. 25, no. 3, pp. 235–268, Apr. 1986."
47,austenite steel,800,0,0,10,0,70,0,17.8,0,0,0.9,0,0,0,0,0,0,29.2,,ref-s,,"D. L. Douglass, F. Gesmundo, and C. de Asmundis, “The air oxidation of an austenitic Fe-Mn-Cr stainless steel for fusion-reactor applications,” Oxid. Met. 1986 253, vol. 25, no. 3, pp. 235–268, Apr. 1986."
47,austenite steel,900,0,0,10,0,70,0,17.8,0,0,0.9,0,0,0,0,0,0,68.5,,ref-s,,"D. L. Douglass, F. Gesmundo, and C. de Asmundis, “The air oxidation of an austenitic Fe-Mn-Cr stainless steel for fusion-reactor applications,” Oxid. Met. 1986 253, vol. 25, no. 3, pp. 235–268, Apr. 1986."
47,austenite steel,1000,0,0,10,0,70,0,17.8,0,0,0.9,0,0,0,0,0,0,108.2,,ref-s,EXTRAPOLATE,"D. L. Douglass, F. Gesmundo, and C. de Asmundis, “The air oxidation of an austenitic Fe-Mn-Cr stainless steel for fusion-reactor applications,” Oxid. Met. 1986 253, vol. 25, no. 3, pp. 235–268, Apr. 1986."
48,22Nb-18Cr-10Mo-12Ta-20Ti-18Zr,1000,0,0,18.39,0,0,0,0,10.04,21.84,0,0,11.86,19.4,0,0,18.48,45.5,,HEA,,"O. N. Senkov, S. V. Senkova, D. M. Dimiduk, C. Woodward, and D. B. Miracle, “Oxidation behavior of a refractory NbCrMo0.5Ta0.5TiZr alloy,” J. Mater. Sci. 2012 4718, vol. 47, no. 18, pp. 6522–6534, Jun. 2012."
49,21Ni-21Cr-17Fe-21Co-21Mn,750,0,20.59,20.62,0,17.4,0,20.65,0,0,20.74,0,0,0,0,0,0,0.4,,HEA,,"G. R. Holcomb, J. Tylczak, and C. Carney, “Oxidation of CoCrFeMnNi High Entropy Alloys,” JOM 2015 6710, vol. 67, no. 10, pp. 2326–2339, Jun. 2015."
50,21Ni-21Cr-17Fe-21Co-21Mn-0.1Nb,750,0,20.38,20.66,0,17.2,0,20.29,0,0.07,21.41,0,0,0,0,0,0,0.33,,HEA,,"G. R. Holcomb, J. Tylczak, and C. Carney, “Oxidation of CoCrFeMnNi High Entropy Alloys,” JOM 2015 6710, vol. 67, no. 10, pp. 2326–2339, Jun. 2015."
51,17Ni-18Cr-31Fe-17Co-16Mn-0.05Nb,750,0,16.72,18.46,0,30.99,0,16.54,0,0.05,17.23,0,0,0,0,0,0,0.3,,HEA,,"G. R. Holcomb, J. Tylczak, and C. Carney, “Oxidation of CoCrFeMnNi High Entropy Alloys,” JOM 2015 6710, vol. 67, no. 10, pp. 2326–2339, Jun. 2015."
52,17Ni-22Cr-29Fe-16Co-15Mn-0.05Nb,750,0,16.03,22.38,0,29.16,0,15.46,0,0.05,16.91,0,0,0,0,0,0,0.26,,HEA,,"G. R. Holcomb, J. Tylczak, and C. Carney, “Oxidation of CoCrFeMnNi High Entropy Alloys,” JOM 2015 6710, vol. 67, no. 10, pp. 2326–2339, Jun. 2015."
53,15Ni-17Cr-40Fe-14Co-14Mn-0.1Nb,750,0,14.12,17.28,0,39.77,0,13.86,0,0.1,14.88,0,0,0,0,0,0,0.25,,HEA,,"G. R. Holcomb, J. Tylczak, and C. Carney, “Oxidation of CoCrFeMnNi High Entropy Alloys,” JOM 2015 6710, vol. 67, no. 10, pp. 2326–2339, Jun. 2015."
54,12Ni-17Cr-47Fe-12Co-12Mn-0.1Nb,750,0,11.87,16.97,0,46.75,0,11.9,0,0.1,12.41,0,0,0,0,0,0,0.2,,HEA,,"G. R. Holcomb, J. Tylczak, and C. Carney, “Oxidation of CoCrFeMnNi High Entropy Alloys,” JOM 2015 6710, vol. 67, no. 10, pp. 2326–2339, Jun. 2015."
55,304H,750,0.18,0.22,19.93,0,69.74,0,1.1,0,0,7.92,0.91,0,0,0,0,0,0.18,,ref-ss,,"G. R. Holcomb, J. Tylczak, and C. Carney, “Oxidation of CoCrFeMnNi High Entropy Alloys,” JOM 2015 6710, vol. 67, no. 10, pp. 2326–2339, Jun. 2015."
56,haynes 230,750,1.06,0.35,26.56,0,0.45,0,0.58,0.82,0,64.26,1.05,0,0,0,4.88,0,0.17,,ref-super,,"G. R. Holcomb, J. Tylczak, and C. Carney, “Oxidation of CoCrFeMnNi High Entropy Alloys,” JOM 2015 6710, vol. 67, no. 10, pp. 2326–2339, Jun. 2015."
56,haynes 230,900,2.356566377,11.76467652,24.21619145,0,1.239492705,0,0,5.675843678,0,53.90368562,0,0,0.457923694,0,0,0,0.205,,ref-super,,"D. Kim, C. Jang, and W. S. Ryu, “Oxidation Characteristics and Oxide Layer Evolution of Alloy 617 and Haynes 230 at 900 °C and 1100 °C,” Oxid. Met. 2009 715, vol. 71, no. 5, pp. 271–293, Feb. 2009."
56,haynes 230,1000,2.356566377,11.76467652,24.21619145,0,1.239492705,0,0,5.675843678,0,53.90368562,0,0,0.457923694,0,0,0,1.602482679,,ref-super,,"K. Mo, G. Lovicu, H.-M. Tung, X. Chen, and J. F. Stubbins, “High Temperature Aging and Corrosion Study on Alloy 617 and Alloy 230,” J. Eng. Gas Turbines Power, vol. 133, no. 5, May 2011."
57,8Al-23Co-23Cr-23Ni-23Fe,1050,8,23,23,0,23,0,0,0,0,23,0,0,0,0,0,0,1.43,2stage-parabolic,HEA,,"T. M. Butler, “Phase stability and oxidation behavior of Al-Ni-Co-Cr-Fe based high-entropy alloys,” 2016."
58,12Al-22Co-22Cr-22Ni-22Fe,1050,12,22,22,0,22,0,0,0,0,22,0,0,0,0,0,0,1.05,2stage-parabolic,HEA,,"T. M. Butler, “Phase stability and oxidation behavior of Al-Ni-Co-Cr-Fe based high-entropy alloys,” 2016."
59,15Al-21.25Co-21.25Cr-21.25Ni-21.25Fe,1050,15,21.25,21.25,0,21.25,0,0,0,0,21.25,0,0,0,0,0,0,1.64,2stage-parabolic,HEA,,"T. M. Butler, “Phase stability and oxidation behavior of Al-Ni-Co-Cr-Fe based high-entropy alloys,” 2016."
60,20Al-20Co-20Cr-20Ni-20Fe,1050,20,20,20,0,20,0,0,0,0,20,0,0,0,0,0,0,0.87,2stage-parabolic,HEA,,"T. M. Butler, “Phase stability and oxidation behavior of Al-Ni-Co-Cr-Fe based high-entropy alloys,” 2016."
60,20Al-20Co-20Cr-20Ni-20Fe,700,20,20,20,0,20,0,0,0,0,20,0,0,0,0,0,0,0.034,,HEA,,"W. Kai et al., “Air-oxidation of FeCoNiCr-based quinary high-entropy alloys at 700–900 °C,” Corros. Sci., vol. 121, pp. 116–125, Jun. 2017."
60,20Al-20Co-20Cr-20Ni-20Fe,800,20,20,20,0,20,0,0,0,0,20,0,0,0,0,0,0,0.056,,HEA,,"W. Kai et al., “Air-oxidation of FeCoNiCr-based quinary high-entropy alloys at 700–900 °C,” Corros. Sci., vol. 121, pp. 116–125, Jun. 2017."
60,20Al-20Co-20Cr-20Ni-20Fe,900,20,20,20,0,20,0,0,0,0,20,0,0,0,0,0,0,0.2,,HEA,,"W. Kai et al., “Air-oxidation of FeCoNiCr-based quinary high-entropy alloys at 700–900 °C,” Corros. Sci., vol. 121, pp. 116–125, Jun. 2017."
60,20Al-20Co-20Cr-20Ni-20Fe,1000,20,20,20,0,20,0,0,0,0,20,0,0,0,0,0,0,0.52,,HEA,,"J. Dąbrowa et al., “Influence of Cu content on high temperature oxidation behavior of AlCoCrCuxFeNi high entropy alloys (x = 0; 0.5; 1),” Intermetallics, vol. 84, pp. 52–61, May 2017."
61,30Al-17.5Co-17.5Cr-17.5Ni-17.5Fe,700,30,17.5,17.5,0,17.5,0,0,0,0,17.5,0,0,0,0,0,0,0.48,,HEA,,"T. M. Butler, “Phase stability and oxidation behavior of Al-Ni-Co-Cr-Fe based high-entropy alloys,” 2016."
62,97Fe-3Al,1000,2.9,0,0,0,97.1,0,0,0,0,0,0,0,0,0,0,0,17.6,,ref_FeAl,,"Y. Niu, S. Wang, F. Gao, Z. G. Zhang, and F. Gesmundo, “The nature of the third-element effect in the oxidation of Fe–xCr–3 at.% Al alloys in 1 atm O2 at 1000 °C,” Corros. Sci., vol. 50, no. 2, pp. 345–356, Feb. 2008."
63,95Fe-2Cr-3Al,1000,3,0,2.1,0,94.9,0,0,0,0,0,0,0,0,0,0,0,6.05,,ref_FeAlCr,,"Y. Niu, S. Wang, F. Gao, Z. G. Zhang, and F. Gesmundo, “The nature of the third-element effect in the oxidation of Fe–xCr–3 at.% Al alloys in 1 atm O2 at 1000 °C,” Corros. Sci., vol. 50, no. 2, pp. 345–356, Feb. 2008."
64,94Fe-3Cr-3Al,1000,3,0,3,0,94,0,0,0,0,0,0,0,0,0,0,0,2.95,,ref_FeAlCr,,"Y. Niu, S. Wang, F. Gao, Z. G. Zhang, and F. Gesmundo, “The nature of the third-element effect in the oxidation of Fe–xCr–3 at.% Al alloys in 1 atm O2 at 1000 °C,” Corros. Sci., vol. 50, no. 2, pp. 345–356, Feb. 2008."
65,92Fe-5Cr-3Al,1000,2.7,0,5.3,0,92,0,0,0,0,0,0,0,0,0,0,0,3.09,,ref_FeAlCr,,"Y. Niu, S. Wang, F. Gao, Z. G. Zhang, and F. Gesmundo, “The nature of the third-element effect in the oxidation of Fe–xCr–3 at.% Al alloys in 1 atm O2 at 1000 °C,” Corros. Sci., vol. 50, no. 2, pp. 345–356, Feb. 2008."
66,86Fe-10Cr-3Al,1000,3.1,0,10.7,0,86.2,0,0,0,0,0,0,0,0,0,0,0,0.323,,ref_FeAlCr,,"Y. Niu, S. Wang, F. Gao, Z. G. Zhang, and F. Gesmundo, “The nature of the third-element effect in the oxidation of Fe–xCr–3 at.% Al alloys in 1 atm O2 at 1000 °C,” Corros. Sci., vol. 50, no. 2, pp. 345–356, Feb. 2008."
67,41Ni-20Co-11Fe-8Al-12Cr-7Ti ,900,7.82,20.45,12.18,0,11.4,0,0,0,0,41.05,0,0,7.1,0,0,0,1.36,,HEA,,"T. K. Tsao, A. C. Yeh, C. M. Kuo, and H. Murakami, “High temperature oxidation and corrosion properties of high entropy superalloys,” Entropy, vol. 18, no. 2, 2016."
67,41Ni-20Co-11Fe-8Al-12Cr-7Ti ,1100,7.82,20.45,12.18,0,11.4,0,0,0,0,41.05,0,0,7.1,0,0,0,4.01,,HEA,,"T. K. Tsao, A. C. Yeh, C. M. Kuo, and H. Murakami, “High temperature oxidation and corrosion properties of high entropy superalloys,” Entropy, vol. 18, no. 2, 2016."
68,49Ni-17Co-9Fe-10Al-7.5Cr-5.5Ti ,1100,10.27,16.91,7.46,0,8.91,0,0,0.87,0,48.74,0,0.61,5.77,0,0.45,0,1.3,,HEA,,"T. K. Tsao, A. C. Yeh, C. M. Kuo, and H. Murakami, “High temperature oxidation and corrosion properties of high entropy superalloys,” Entropy, vol. 18, no. 2, 2016."
69,49Ni-17Co-9Fe-10Al-7.5Cr-5.5Ti ,900,10.27,16.91,7.46,0,8.91,0,0,0.87,0,48.74,0,0.61,5.77,0,0.45,0,0.47,,HEA,,"T. K. Tsao, A. C. Yeh, C. M. Kuo, and H. Murakami, “High temperature oxidation and corrosion properties of high entropy superalloys,” Entropy, vol. 18, no. 2, 2016."
70,CM 247LC,900,12.33,9.27,9.26,0,0,0.47,0,0.31,0,63.36,0,1.05,0.87,0,3.07,0,0.095,,ref_super,,"T. K. Tsao, A. C. Yeh, C. M. Kuo, and H. Murakami, “High temperature oxidation and corrosion properties of high entropy superalloys,” Entropy, vol. 18, no. 2, 2016."
70,CM 247LC,1100,12.33,9.27,9.26,0,0,0.47,0,0.31,0,63.36,0,1.05,0.87,0,3.07,0,1,,ref_super,,"T. K. Tsao, A. C. Yeh, C. M. Kuo, and H. Murakami, “High temperature oxidation and corrosion properties of high entropy superalloys,” Entropy, vol. 18, no. 2, 2016."
71,20Si-20Co-20Cr-20Ni-20Fe,700,0,19.54,20.43,0,20.04,0,0,0,0,20.03,19.96,0,0,0,0,0,0.065,,HEA,,"W. Kai et al., “Air-oxidation of FeCoNiCr-based quinary high-entropy alloys at 700–900 °C,” Corros. Sci., vol. 121, pp. 116–125, Jun. 2017."
71,20Si-20Co-20Cr-20Ni-20Fe,800,0,19.54,20.43,0,20.04,0,0,0,0,20.03,19.96,0,0,0,0,0,0.098,,HEA,,"W. Kai et al., “Air-oxidation of FeCoNiCr-based quinary high-entropy alloys at 700–900 °C,” Corros. Sci., vol. 121, pp. 116–125, Jun. 2017."
71,20Si-20Co-20Cr-20Ni-20Fe,900,0,19.54,20.43,0,20.04,0,0,0,0,20.03,19.96,0,0,0,0,0,0.32,,HEA,,"W. Kai et al., “Air-oxidation of FeCoNiCr-based quinary high-entropy alloys at 700–900 °C,” Corros. Sci., vol. 121, pp. 116–125, Jun. 2017."
72,18Al-18Co-18Cr-9Cu-18Fe-18Ni,1000,18.2,18.2,18.2,9,18.2,0,0,0,0,18.2,0,0,0,0,0,0,0.33,,HEA,,"J. Dąbrowa et al., “Influence of Cu content on high temperature oxidation behavior of AlCoCrCuxFeNi high entropy alloys (x = 0; 0.5; 1),” Intermetallics, vol. 84, pp. 52–61, May 2017."
73,50Ni-50Al-0.05Zr,1000,50.2,0,0,0,0,0,0,0,0,49.76,0,0,0,0,0,0.04,0.02,,ref_NiAlZr,EXTRAPOLATE,"J. Doychak, J. L. Smialek, and C. A. Barrett, “The oxidation of Ni-rich Ni-Al intermetallics.” 1988."
74,Ni-50Al,1000,49.4,0,0,0,0,0,0,0,0,50.6,0,0,0,0,0,0,0.05,,ref_NiAl,EXTRAPOLATE,"J. Doychak, J. L. Smialek, and C. A. Barrett, “The oxidation of Ni-rich Ni-Al intermetallics.” 1988."
75,Ni-46.5Al-0.05Zr,1000,46.8,0,0,0,0,0,0,0,0,53.15,0,0,0,0,0,0.05,0.02,,ref_NiAlZr,EXTRAPOLATE,"J. Doychak, J. L. Smialek, and C. A. Barrett, “The oxidation of Ni-rich Ni-Al intermetallics.” 1988."
76,Ni-43Al-0.05Zr,1000,43.9,0,0,0,0,0,0,0,0,56.06,0,0,0,0,0,0.04,0.09,,ref_NiAlZr,EXTRAPOLATE,"J. Doychak, J. L. Smialek, and C. A. Barrett, “The oxidation of Ni-rich Ni-Al intermetallics.” 1988."
77,Ni-39Al-0.05Zr,1000,39.9,0,0,0,0,0,0,0,0,60.06,0,0,0,0,0,0.04,0.1,,ref_NiAlZr,EXTRAPOLATE,"J. Doychak, J. L. Smialek, and C. A. Barrett, “The oxidation of Ni-rich Ni-Al intermetallics.” 1988."
78,Ni-36.5Al-0.05Zr,1000,37.5,0,0,0,0,0,0,0,0,62.46,0,0,0,0,0,0.04,0.08,,ref_NiAlZr,EXTRAPOLATE,"J. Doychak, J. L. Smialek, and C. A. Barrett, “The oxidation of Ni-rich Ni-Al intermetallics.” 1988."
79,Ni-34Al-0.05Zr,1000,35.5,0,0,0,0,0,0,0,0,64.46,0,0,0,0,0,0.04,0.06,,ref_NiAlZr,EXTRAPOLATE,"J. Doychak, J. L. Smialek, and C. A. Barrett, “The oxidation of Ni-rich Ni-Al intermetallics.” 1988."
80,Ni-30Al-0.05Zr,1000,30.6,0,0,0,0,0,0,0,0,69.36,0,0,0,0,0,0.04,0.14,,ref_NiAlZr,EXTRAPOLATE,"J. Doychak, J. L. Smialek, and C. A. Barrett, “The oxidation of Ni-rich Ni-Al intermetallics.” 1988."
81,Ni-30Al,1000,31.1,0,0,0,0,0,0,0,0,68.9,0,0,0,0,0,0,0.07,,ref_NiAl,EXTRAPOLATE,"J. Doychak, J. L. Smialek, and C. A. Barrett, “The oxidation of Ni-rich Ni-Al intermetallics.” 1988."
82,30Al-23Cr-23Ni-23Fe,1000,30.23,0,23.26,0,23.26,0,0,0,0,23.26,0,0,0,0,0,0,0.332,,HEA,,"X. Chen et al., “Microstructure of Al1.3CrFeNi eutectic high entropy alloy and oxidation behavior at 1000 °C,” J. Mater. Res. 2017 3211, vol. 32, no. 11, pp. 2109–2116, Jun. 2017."
83,18.2Ni-11Co-3.6Fe-27.3Cr-18.2Si-18.2Al-3.6Ti,1000,18.18181818,10.90909091,27.27272727,0,3.636363636,0,0,0,0,18.18181818,18.18181818,0,3.636363636,0,0,0,2.09,,HEA,,"W. L. Hsu, Y. C. Yang, C. Y. Chen, and J. W. Yeh, “Thermal sprayed high-entropy NiCo0.6Fe0.2Cr1.5SiAlTi0.2 coating with improved mechanical properties and oxidation resistance,” Intermetallics, vol. 89, pp. 105–110, Oct. 2017."
84,10.5Fe-26Mn-26NI-10.5Cr-26Cu,800,0,0,10.5,26.3,10.5,0,26.3,0,0,26.3,0,0,0,0,0,0,4.42,,HEA,,"Z. Rao et al., “Microstructure, Mechanical Properties, and Oxidation Behavior of AlxCr0.4CuFe0.4MnNi High Entropy Alloys,” Adv. Eng. Mater., vol. 19, no. 5, p. 1600726, May 2017."
85,2.5Al-10.5Fe-25.5Mn-25.5NI-10.5Cr-25.5Cu,800,2.6,0,10.3,25.6,10.3,0,25.6,0,0,25.6,0,0,0,0,0,0,3.41,,HEA,,"Z. Rao et al., “Microstructure, Mechanical Properties, and Oxidation Behavior of AlxCr0.4CuFe0.4MnNi High Entropy Alloys,” Adv. Eng. Mater., vol. 19, no. 5, p. 1600726, May 2017."
86,5Al-10Fe-26Mn-25Ni-10Cr-25Cu,800,5,0,10,25,10,0,25,0,0,25,0,0,0,0,0,0,1.53,,HEA,,"Z. Rao et al., “Microstructure, Mechanical Properties, and Oxidation Behavior of AlxCr0.4CuFe0.4MnNi High Entropy Alloys,” Adv. Eng. Mater., vol. 19, no. 5, p. 1600726, May 2017."
87,7.5Al-10Fe-24.5Mn-24.5Ni-10Cr-24.5Cu,800,7.3,0,9.8,24.4,9.8,0,24.4,0,0,24.4,0,0,0,0,0,0,1.38,,HEA,,"Z. Rao et al., “Microstructure, Mechanical Properties, and Oxidation Behavior of AlxCr0.4CuFe0.4MnNi High Entropy Alloys,” Adv. Eng. Mater., vol. 19, no. 5, p. 1600726, May 2017."
88,9Al-9Fe-23Mn-23Ni-9Cr-23Cu,800,9.3,0,9.3,23.8,9.3,0,23.8,0,0,23.8,0,0,0,0,0,0,1.28,,HEA,,"Z. Rao et al., “Microstructure, Mechanical Properties, and Oxidation Behavior of AlxCr0.4CuFe0.4MnNi High Entropy Alloys,” Adv. Eng. Mater., vol. 19, no. 5, p. 1600726, May 2017."
89,20Cr-18Mn-21Fe-19Co-22Ni,900,0,20,20,0,20,0,20,0,0,20,0,0,0,0,0,0,1.61,,HEA,,"Y. K. Kim, Y. A. Joo, H. S. Kim, and K. A. Lee, “High temperature oxidation behavior of Cr-Mn-Fe-Co-Ni high entropy alloy,” Intermetallics, vol. 98, pp. 45–53, Jul. 2018."
89,20Cr-18Mn-21Fe-19Co-22Ni,1000,0,20,20,0,20,0,20,0,0,20,0,0,0,0,0,0,3.91,,HEA,,"Y. K. Kim, Y. A. Joo, H. S. Kim, and K. A. Lee, “High temperature oxidation behavior of Cr-Mn-Fe-Co-Ni high entropy alloy,” Intermetallics, vol. 98, pp. 45–53, Jul. 2018."
89,20Cr-18Mn-21Fe-19Co-22Ni,1100,0,19.3,20,0,21,0,18,0,0,21.6,0,0,0,0,0,0,8.37,,HEA,,"Y. K. Kim, Y. A. Joo, H. S. Kim, and K. A. Lee, “High temperature oxidation behavior of Cr-Mn-Fe-Co-Ni high entropy alloy,” Intermetallics, vol. 98, pp. 45–53, Jul. 2018."
90,25Al-25Nb-25Ti-25Zr,700,25,0,0,0,0,0,0,0,25,0,0,0,25,0,0,25,0.554560436,,HEA,EXTRAPOLATE,"J. Jayaraj, P. Thirathipviwat, J. Han, and A. Gebert, “Microstructure, mechanical and thermal oxidation behavior of AlNbTiZr high entropy alloy,” Intermetallics, vol. 100, pp. 9–19, Sep. 2018."
90,25Al-25Nb-25Ti-25Zr,800,25,0,0,0,0,0,0,0,25,0,0,0,25,0,0,25,2.046494544,,HEA,EXTRAPOLATE,"J. Jayaraj, P. Thirathipviwat, J. Han, and A. Gebert, “Microstructure, mechanical and thermal oxidation behavior of AlNbTiZr high entropy alloy,” Intermetallics, vol. 100, pp. 9–19, Sep. 2018."
90,25Al-25Nb-25Ti-25Zr,900,25,0,0,0,0,0,0,0,25,0,0,0,25,0,0,25,3.129082609,,HEA,EXTRAPOLATE,"J. Jayaraj, P. Thirathipviwat, J. Han, and A. Gebert, “Microstructure, mechanical and thermal oxidation behavior of AlNbTiZr high entropy alloy,” Intermetallics, vol. 100, pp. 9–19, Sep. 2018."
90,25Al-25Nb-25Ti-25Zr,1000,25,0,0,0,0,0,0,0,25,0,0,0,25,0,0,25,38.81923055,,HEA,EXTRAPOLATE,"J. Jayaraj, P. Thirathipviwat, J. Han, and A. Gebert, “Microstructure, mechanical and thermal oxidation behavior of AlNbTiZr high entropy alloy,” Intermetallics, vol. 100, pp. 9–19, Sep. 2018."
91,20Ti-20Zr-20Nb-20Hf-20Ta,700,0,0,0,0,0,20,0,0,20,0,0,20,20,0,0,20,44.89,,HEA,,"C.-H. Chang, M. S. Titus, and J.-W. Yeh, “Oxidation Behavior between 700 and 1300 °C of Refractory TiZrNbHfTa High-Entropy Alloys Containing Aluminum,” Adv. Eng. Mater., vol. 20, no. 6, p. 1700948, Jun. 2018."
91,20Ti-20Zr-20Nb-20Hf-20Ta,900,0,0,0,0,0,20,0,0,20,0,0,20,20,0,0,20,28.8,sub-parabolic,HEA,,"C.-H. Chang, M. S. Titus, and J.-W. Yeh, “Oxidation Behavior between 700 and 1300 °C of Refractory TiZrNbHfTa High-Entropy Alloys Containing Aluminum,” Adv. Eng. Mater., vol. 20, no. 6, p. 1700948, Jun. 2018."
91,20Ti-20Zr-20Nb-20Hf-20Ta,1100,0,0,0,0,0,20,0,0,20,0,0,20,20,0,0,20,45.37,cubic,HEA,,"C.-H. Chang, M. S. Titus, and J.-W. Yeh, “Oxidation Behavior between 700 and 1300 °C of Refractory TiZrNbHfTa High-Entropy Alloys Containing Aluminum,” Adv. Eng. Mater., vol. 20, no. 6, p. 1700948, Jun. 2018."
91,20Ti-20Zr-20Nb-20Hf-20Ta,1300,0,0,0,0,0,20,0,0,20,0,0,20,20,0,0,20,240.26,linear-plateu,HEA,,"C.-H. Chang, M. S. Titus, and J.-W. Yeh, “Oxidation Behavior between 700 and 1300 °C of Refractory TiZrNbHfTa High-Entropy Alloys Containing Aluminum,” Adv. Eng. Mater., vol. 20, no. 6, p. 1700948, Jun. 2018."
92,18.8Ti-18.8Zr-18.8Nb-18.8Hf-18.8Ta-5.6Al,700,5.660377358,0,0,0,0,18.86792453,0,0,18.86792453,0,0,18.86792453,18.86792453,0,0,18.86792453,8.5,,HEA,,"C.-H. Chang, M. S. Titus, and J.-W. Yeh, “Oxidation Behavior between 700 and 1300 °C of Refractory TiZrNbHfTa High-Entropy Alloys Containing Aluminum,” Adv. Eng. Mater., vol. 20, no. 6, p. 1700948, Jun. 2018."
92,18.8Ti-18.8Zr-18.8Nb-18.8Hf-18.8Ta-5.6Al,900,5.660377358,0,0,0,0,18.86792453,0,0,18.86792453,0,0,18.86792453,18.86792453,0,0,18.86792453,13.7,sub-parabolic,HEA,,"C.-H. Chang, M. S. Titus, and J.-W. Yeh, “Oxidation Behavior between 700 and 1300 °C of Refractory TiZrNbHfTa High-Entropy Alloys Containing Aluminum,” Adv. Eng. Mater., vol. 20, no. 6, p. 1700948, Jun. 2018."
92,18.8Ti-18.8Zr-18.8Nb-18.8Hf-18.8Ta-5.6Al,1100,5.660377358,0,0,0,0,18.86792453,0,0,18.86792453,0,0,18.86792453,18.86792453,0,0,18.86792453,27.37,cubic,HEA,,"C.-H. Chang, M. S. Titus, and J.-W. Yeh, “Oxidation Behavior between 700 and 1300 °C of Refractory TiZrNbHfTa High-Entropy Alloys Containing Aluminum,” Adv. Eng. Mater., vol. 20, no. 6, p. 1700948, Jun. 2018."
92,18.8Ti-18.8Zr-18.8Nb-18.8Hf-18.8Ta-5.6Al,1300,5.660377358,0,0,0,0,18.86792453,0,0,18.86792453,0,0,18.86792453,18.86792453,0,0,18.86792453,244.79,linear-plateu,HEA,,"C.-H. Chang, M. S. Titus, and J.-W. Yeh, “Oxidation Behavior between 700 and 1300 °C of Refractory TiZrNbHfTa High-Entropy Alloys Containing Aluminum,” Adv. Eng. Mater., vol. 20, no. 6, p. 1700948, Jun. 2018."
93,18.2Ti-18.2Zr-18.2Nb-18.2Hf-18.2Ta-9Al,700,9.090909091,0,0,0,0,18.18181818,0,0,18.18181818,0,0,18.18181818,18.18181818,0,0,18.18181818,6.33,,HEA,,"C.-H. Chang, M. S. Titus, and J.-W. Yeh, “Oxidation Behavior between 700 and 1300 °C of Refractory TiZrNbHfTa High-Entropy Alloys Containing Aluminum,” Adv. Eng. Mater., vol. 20, no. 6, p. 1700948, Jun. 2018."
93,18.2Ti-18.2Zr-18.2Nb-18.2Hf-18.2Ta-9Al,900,9.090909091,0,0,0,0,18.18181818,0,0,18.18181818,0,0,18.18181818,18.18181818,0,0,18.18181818,11.8,sub-parabolic,HEA,,"C.-H. Chang, M. S. Titus, and J.-W. Yeh, “Oxidation Behavior between 700 and 1300 °C of Refractory TiZrNbHfTa High-Entropy Alloys Containing Aluminum,” Adv. Eng. Mater., vol. 20, no. 6, p. 1700948, Jun. 2018."
93,18.2Ti-18.2Zr-18.2Nb-18.2Hf-18.2Ta-9Al,1100,9.090909091,0,0,0,0,18.18181818,0,0,18.18181818,0,0,18.18181818,18.18181818,0,0,18.18181818,24.21,cubic,HEA,,"C.-H. Chang, M. S. Titus, and J.-W. Yeh, “Oxidation Behavior between 700 and 1300 °C of Refractory TiZrNbHfTa High-Entropy Alloys Containing Aluminum,” Adv. Eng. Mater., vol. 20, no. 6, p. 1700948, Jun. 2018."
93,18.2Ti-18.2Zr-18.2Nb-18.2Hf-18.2Ta-9Al,1300,9.090909091,0,0,0,0,18.18181818,0,0,18.18181818,0,0,18.18181818,18.18181818,0,0,18.18181818,246.29,linear-plateu,HEA,,"C.-H. Chang, M. S. Titus, and J.-W. Yeh, “Oxidation Behavior between 700 and 1300 °C of Refractory TiZrNbHfTa High-Entropy Alloys Containing Aluminum,” Adv. Eng. Mater., vol. 20, no. 6, p. 1700948, Jun. 2018."
94,17.4Ti-17.4Zr-17.4Nb-17.4Hf-17.4Ta-13Al,700,13.04347826,0,0,0,0,17.39130435,0,0,17.39130435,0,0,17.39130435,17.39130435,0,0,17.39130435,5.79,,HEA,,"C.-H. Chang, M. S. Titus, and J.-W. Yeh, “Oxidation Behavior between 700 and 1300 °C of Refractory TiZrNbHfTa High-Entropy Alloys Containing Aluminum,” Adv. Eng. Mater., vol. 20, no. 6, p. 1700948, Jun. 2018."
94,17.4Ti-17.4Zr-17.4Nb-17.4Hf-17.4Ta-13Al,900,13.04347826,0,0,0,0,17.39130435,0,0,17.39130435,0,0,17.39130435,17.39130435,0,0,17.39130435,11.3,sub-parabolic,HEA,,"C.-H. Chang, M. S. Titus, and J.-W. Yeh, “Oxidation Behavior between 700 and 1300 °C of Refractory TiZrNbHfTa High-Entropy Alloys Containing Aluminum,” Adv. Eng. Mater., vol. 20, no. 6, p. 1700948, Jun. 2018."
94,17.4Ti-17.4Zr-17.4Nb-17.4Hf-17.4Ta-13Al,1100,13.04347826,0,0,0,0,17.39130435,0,0,17.39130435,0,0,17.39130435,17.39130435,0,0,17.39130435,22.37,cubic,HEA,,"C.-H. Chang, M. S. Titus, and J.-W. Yeh, “Oxidation Behavior between 700 and 1300 °C of Refractory TiZrNbHfTa High-Entropy Alloys Containing Aluminum,” Adv. Eng. Mater., vol. 20, no. 6, p. 1700948, Jun. 2018."
94,17.4Ti-17.4Zr-17.4Nb-17.4Hf-17.4Ta-13Al,1300,13.04347826,0,0,0,0,17.39130435,0,0,17.39130435,0,0,17.39130435,17.39130435,0,0,17.39130435,219.16,linear-plateu,HEA,,"C.-H. Chang, M. S. Titus, and J.-W. Yeh, “Oxidation Behavior between 700 and 1300 °C of Refractory TiZrNbHfTa High-Entropy Alloys Containing Aluminum,” Adv. Eng. Mater., vol. 20, no. 6, p. 1700948, Jun. 2018."
95,16.7Ti-16.7Zr-16.7Nb-16.7Hf-16.7Ta-16.7Al,700,16.66666667,0,0,0,0,16.66666667,0,0,16.66666667,0,0,16.66666667,16.66666667,0,0,16.66666667,3.98,,HEA,,"C.-H. Chang, M. S. Titus, and J.-W. Yeh, “Oxidation Behavior between 700 and 1300 °C of Refractory TiZrNbHfTa High-Entropy Alloys Containing Aluminum,” Adv. Eng. Mater., vol. 20, no. 6, p. 1700948, Jun. 2018."
95,16.7Ti-16.7Zr-16.7Nb-16.7Hf-16.7Ta-16.7Al,900,16.66666667,0,0,0,0,16.66666667,0,0,16.66666667,0,0,16.66666667,16.66666667,0,0,16.66666667,10.2,sub-parabolic,HEA,,"C.-H. Chang, M. S. Titus, and J.-W. Yeh, “Oxidation Behavior between 700 and 1300 °C of Refractory TiZrNbHfTa High-Entropy Alloys Containing Aluminum,” Adv. Eng. Mater., vol. 20, no. 6, p. 1700948, Jun. 2018."
95,16.7Ti-16.7Zr-16.7Nb-16.7Hf-16.7Ta-16.7Al,1100,16.66666667,0,0,0,0,16.66666667,0,0,16.66666667,0,0,16.66666667,16.66666667,0,0,16.66666667,19.37,cubic,HEA,,"C.-H. Chang, M. S. Titus, and J.-W. Yeh, “Oxidation Behavior between 700 and 1300 °C of Refractory TiZrNbHfTa High-Entropy Alloys Containing Aluminum,” Adv. Eng. Mater., vol. 20, no. 6, p. 1700948, Jun. 2018."
95,16.7Ti-16.7Zr-16.7Nb-16.7Hf-16.7Ta-16.7Al,1300,16.66666667,0,0,0,0,16.66666667,0,0,16.66666667,0,0,16.66666667,16.66666667,0,0,16.66666667,213.13,linear-plateu,HEA,,"C.-H. Chang, M. S. Titus, and J.-W. Yeh, “Oxidation Behavior between 700 and 1300 °C of Refractory TiZrNbHfTa High-Entropy Alloys Containing Aluminum,” Adv. Eng. Mater., vol. 20, no. 6, p. 1700948, Jun. 2018."
96,IN617,800,2.440867019,11.29744739,24.10232656,0.045164069,1.19749303,0,0.063065464,5.865307097,0,53.76330776,0.165171452,0,0.62627509,0,0,0,0.079156806,,ref-super,,"J. D. Whittenberger, “Effect of Long-Term 1093 K Exposure to Air or Vacuum on the Structure of Several Wrought Superalloys,” J. Mater. Eng. Perform. 1993 25, vol. 2, no. 5, pp. 745–758, Oct. 1993."
96,IN617,900,2.440867019,11.29744739,24.10232656,0.045164069,1.19749303,0,0.063065464,5.865307097,0,53.76330776,0.165171452,0,0.62627509,0,0,0,2.432432432,,ref-super,,"C. Jang, D. Lee, and D. Kim, “Oxidation behaviour of an Alloy 617 in very high-temperature air and helium environments,” Int. J. Press. Vessel. Pip., vol. 85, no. 6, pp. 368–377, Jun. 2008."
96,IN617,1100,2.440867019,11.29744739,24.10232656,0.045164069,1.19749303,0,0.063065464,5.865307097,0,53.76330776,0.165171452,0,0.62627509,0,0,0,15.10135135,,ref-super,,"C. Jang, D. Lee, and D. Kim, “Oxidation behaviour of an Alloy 617 in very high-temperature air and helium environments,” Int. J. Press. Vessel. Pip., vol. 85, no. 6, pp. 368–377, Jun. 2008."
97,HK30,1000,0,0,25.7394035,0,49.38335265,0,1.550346315,0,0.851803178,20.11742485,2.357669512,0,0,0,0,0,0.72,,ref-super,,"D.-Y. Wi, Y.-K. Kim, T.-S. Yoon, and K.-A. Lee, “Microstructure and High Temperature Oxidation Properties of Fe-Cr-Ni HK30 Alloy Manufactured by Metal Injection Molding,” Arch. Metall. Mater., vol. Vol. 64, i, no. 2, pp. 525–530, 2019."
97,HK30,1100,0,0,25.7394035,0,49.38335265,0,1.550346315,0,0.851803178,20.11742485,2.357669512,0,0,0,0,0,1.11,,ref-super,,"D.-Y. Wi, Y.-K. Kim, T.-S. Yoon, and K.-A. Lee, “Microstructure and High Temperature Oxidation Properties of Fe-Cr-Ni HK30 Alloy Manufactured by Metal Injection Molding,” Arch. Metall. Mater., vol. Vol. 64, i, no. 2, pp. 525–530, 2019."
97,HK30,1200,0,0,25.7394035,0,49.38335265,0,1.550346315,0,0.851803178,20.11742485,2.357669512,0,0,0,0,0,2.29,,ref-super,,"D.-Y. Wi, Y.-K. Kim, T.-S. Yoon, and K.-A. Lee, “Microstructure and High Temperature Oxidation Properties of Fe-Cr-Ni HK30 Alloy Manufactured by Metal Injection Molding,” Arch. Metall. Mater., vol. Vol. 64, i, no. 2, pp. 525–530, 2019."
98,Fe-13Cr-4Al,700,8.68883473,0,13.08643519,0,78.22473008,0,0,0,0,0,0,0,0,0,0,0,0.289,,ref-FeCrAl,,"I. Kvernes, M. Oliveira~, and P. Kofstad, “HIGH TEMPERATURE OXIDATION OF Fe-13Cr-xA1 ALLOYS IN AIR/H20 VAPOUR MIXTURES*,” Corros. Sci., vol. 17, pp. 237–252, 1977."
98,Fe-13Cr-4Al,800,8.68883473,0,13.08643519,0,78.22473008,0,0,0,0,0,0,0,0,0,0,0,0.245,,ref-FeCrAl,,"I. Kvernes, M. Oliveira~, and P. Kofstad, “HIGH TEMPERATURE OXIDATION OF Fe-13Cr-xA1 ALLOYS IN AIR/H20 VAPOUR MIXTURES*,” Corros. Sci., vol. 17, pp. 237–252, 1977."
98,Fe-13Cr-4Al,1000,8.68883473,0,13.08643519,0,78.22473008,0,0,0,0,0,0,0,0,0,0,0,0.415,,ref-FeCrAl,,"I. Kvernes, M. Oliveira~, and P. Kofstad, “HIGH TEMPERATURE OXIDATION OF Fe-13Cr-xA1 ALLOYS IN AIR/H20 VAPOUR MIXTURES*,” Corros. Sci., vol. 17, pp. 237–252, 1977."
99,Fe-13Cr-2Al,700,3.866209502,0,12.75570322,0,83.37808728,0,0,0,0,0,0,0,0,0,0,0,0.237,,ref-FeCrAl,,"I. Kvernes, M. Oliveira~, and P. Kofstad, “HIGH TEMPERATURE OXIDATION OF Fe-13Cr-xA1 ALLOYS IN AIR/H20 VAPOUR MIXTURES*,” Corros. Sci., vol. 17, pp. 237–252, 1977."
99,Fe-13Cr-2Al,800,3.866209502,0,12.75570322,0,83.37808728,0,0,0,0,0,0,0,0,0,0,0,0.362,,ref-FeCrAl,,"I. Kvernes, M. Oliveira~, and P. Kofstad, “HIGH TEMPERATURE OXIDATION OF Fe-13Cr-xA1 ALLOYS IN AIR/H20 VAPOUR MIXTURES*,” Corros. Sci., vol. 17, pp. 237–252, 1977."
99,Fe-13Cr-2Al,1000,3.866209502,0,12.75570322,0,83.37808728,0,0,0,0,0,0,0,0,0,0,0,50.8,,ref-FeCrAl,,"I. Kvernes, M. Oliveira~, and P. Kofstad, “HIGH TEMPERATURE OXIDATION OF Fe-13Cr-xA1 ALLOYS IN AIR/H20 VAPOUR MIXTURES*,” Corros. Sci., vol. 17, pp. 237–252, 1977."
100,20Al-30Nb-10Ta-30Ti-10Zr,1000,20,0,0,0,0,0,0,0,30,0,0,10,30,0,0,10,24.0987,,HEA,,"T. M. Butler and K. J. Chaput, “Native oxidation resistance of Al20Nb30Ta10Ti30Zr10 refractory complex concentrated alloy (RCCA),” J. Alloys Compd., vol. 787, pp. 606–617, May 2019."
101,20Nb-20Zr-20Ti-20Cr-20Al,800,20,0,20,0,0,0,0,0,20,0,0,0,20,0,0,20,11.63373497,,HEA,,"P. Zhang, Y. Li, Z. Chen, J. Zhang, and B. Shen, “Oxidation response of a vacuum arc melted NbZrTiCrAl refractory high entropy alloy at 800–1200 °C,” Vacuum, vol. 162, pp. 20–27, Apr. 2019."
101,20Nb-20Zr-20Ti-20Cr-20Al,1000,20,0,20,0,0,0,0,0,20,0,0,0,20,0,0,20,27.20426151,,HEA,,"P. Zhang, Y. Li, Z. Chen, J. Zhang, and B. Shen, “Oxidation response of a vacuum arc melted NbZrTiCrAl refractory high entropy alloy at 800–1200 °C,” Vacuum, vol. 162, pp. 20–27, Apr. 2019."
101,20Nb-20Zr-20Ti-20Cr-20Al,1200,20,0,20,0,0,0,0,0,20,0,0,0,20,0,0,20,90.02065897,,HEA,,"P. Zhang, Y. Li, Z. Chen, J. Zhang, and B. Shen, “Oxidation response of a vacuum arc melted NbZrTiCrAl refractory high entropy alloy at 800–1200 °C,” Vacuum, vol. 162, pp. 20–27, Apr. 2019."
102,20Al-20Cr-20Fe-20Ni-20Ti ,900,20,0,20,0,20,0,0,0,0,20,0,0,20,0,0,0,0.113983222,,HEA,,"Z. S. Nong, Y. N. Lei, and J. C. Zhu, “Wear and oxidation resistances of AlCrFeNiTi-based high entropy alloys,” Intermetallics, vol. 101, pp. 144–151, Oct. 2018."
103,18.2Al-18.2Cr-18.2Fe-18.2Ni-18.2Ti-9Mn ,900,18.2,0,18.2,0,18.2,0,9,0,0,18.2,0,0,18.2,0,0,0,0.322611447,linear,HEA,,"Z. S. Nong, Y. N. Lei, and J. C. Zhu, “Wear and oxidation resistances of AlCrFeNiTi-based high entropy alloys,” Intermetallics, vol. 101, pp. 144–151, Oct. 2018."
103,19Co-19Cr-19Fe-19Mn-5Nb-19Ni ,700,0,19,19,0,19,0,19,0,5,19,0,0,0,0,0,0,0.166857143,,HEA,,"D. Huang, J. Lu, Y. Zhuang, C. Tian, and Y. Li, “The role of Nb on the high temperature oxidation behavior of CoCrFeMnNbxNi high-entropy alloys,” Corros. Sci., vol. 158, p. 108088, Sep. 2019."
103,19Co-19Cr-19Fe-19Mn-5Nb-19Ni ,800,0,19,19,0,19,0,19,0,5,19,0,0,0,0,0,0,0.57658141,,HEA,,"D. Huang, J. Lu, Y. Zhuang, C. Tian, and Y. Li, “The role of Nb on the high temperature oxidation behavior of CoCrFeMnNbxNi high-entropy alloys,” Corros. Sci., vol. 158, p. 108088, Sep. 2019."
103,19Co-19Cr-19Fe-19Mn-5Nb-19Ni ,900,0,19,19,0,19,0,19,0,5,19,0,0,0,0,0,0,1.322966507,,HEA,,"D. Huang, J. Lu, Y. Zhuang, C. Tian, and Y. Li, “The role of Nb on the high temperature oxidation behavior of CoCrFeMnNbxNi high-entropy alloys,” Corros. Sci., vol. 158, p. 108088, Sep. 2019."
104,20Cr-20Mo-20Nb-20Ta-20V,900,0,0,20,0,0,0,0,20,20,0,0,20,0,20,0,0,27.17121588,,HEA,,"Y. Xiao et al., “Microstructure and oxidation behavior of the CrMoNbTaV high-entropy alloy,” J. Mater. Res. 2018 342, vol. 34, no. 2, pp. 301–308, Jan. 2019."
104,20Cr-20Mo-20Nb-20Ta-20V,1000,0,0,20,0,0,0,0,20,20,0,0,20,0,20,0,0,43.92059553,,HEA,,"Y. Xiao et al., “Microstructure and oxidation behavior of the CrMoNbTaV high-entropy alloy,” J. Mater. Res. 2018 342, vol. 34, no. 2, pp. 301–308, Jan. 2019."
105,28.5Al-14.3Co-14.3Cr-14.3Cu-14.3Fe-14.3Ni,1000,28.5,14.3,14.3,14.3,14.3,0,0,0,0,14.3,0,0,0,0,0,0,0.079432624,,HEA,,"Y. Y. Liu et al., “Effect of Al content on high temperature oxidation resistance of AlxCoCrCuFeNi high entropy alloys (x=0, 0.5, 1, 1.5, 2),” Vacuum, vol. 169, p. 108837, Nov. 2019."
106,23Al-15.4Co-15.4Cr-15.4Cu-15.4Fe-15.4Ni,1000,23,15.4,15.4,15.4,15.4,0,0,0,0,15.4,0,0,0,0,0,0,0.089361702,,HEA,,"Y. Y. Liu et al., “Effect of Al content on high temperature oxidation resistance of AlxCoCrCuFeNi high entropy alloys (x=0, 0.5, 1, 1.5, 2),” Vacuum, vol. 169, p. 108837, Nov. 2019."
107,9Al-18.2Co-18.2Cr-18.2Cu-18.2Fe-18.2Ni,1000,9,18.2,18.2,18.2,18.2,0,0,0,0,18.2,0,0,0,0,0,0,0.367375887,,HEA,,"Y. Y. Liu et al., “Effect of Al content on high temperature oxidation resistance of AlxCoCrCuFeNi high entropy alloys (x=0, 0.5, 1, 1.5, 2),” Vacuum, vol. 169, p. 108837, Nov. 2019."
108,25Al-16.7Co-16.7Cr-16.7Fe-16.7Ni-8.2Ti,700,25,16.7,16.7,0,16.7,0,0,0,0,16.7,0,0,8.2,0,0,0,0.101408451,,HEA,,"S. Wang, Z. Chen, P. Zhang, K. Zhang, C. L. Chen, and B. L. Shen, “Influence of Al content on high temperature oxidation behavior of AlxCoCrFeNiTi0.5 high entropy alloys,” Vacuum, vol. 163, pp. 263–268, May 2019."
108,25Al-16.7Co-16.7Cr-16.7Fe-16.7Ni-8.2Ti,900,25,16.7,16.7,0,16.7,0,0,0,0,16.7,0,0,8.2,0,0,0,0.194366197,,HEA,,"S. Wang, Z. Chen, P. Zhang, K. Zhang, C. L. Chen, and B. L. Shen, “Influence of Al content on high temperature oxidation behavior of AlxCoCrFeNiTi0.5 high entropy alloys,” Vacuum, vol. 163, pp. 263–268, May 2019."
108,25Al-16.7Co-16.7Cr-16.7Fe-16.7Ni-8.2Ti,1100,25,16.7,16.7,0,16.7,0,0,0,0,16.7,0,0,8.2,0,0,0,0.625352113,,HEA,,"S. Wang, Z. Chen, P. Zhang, K. Zhang, C. L. Chen, and B. L. Shen, “Influence of Al content on high temperature oxidation behavior of AlxCoCrFeNiTi0.5 high entropy alloys,” Vacuum, vol. 163, pp. 263–268, May 2019."
109,18.2Al-18.2Co-18.2Cr-18.2Fe-18.2Ni-9Ti,700,18.2,18.2,18.2,0,18.2,0,0,0,0,18.2,0,0,9,0,0,0,0.135211268,,HEA,,"S. Wang, Z. Chen, P. Zhang, K. Zhang, C. L. Chen, and B. L. Shen, “Influence of Al content on high temperature oxidation behavior of AlxCoCrFeNiTi0.5 high entropy alloys,” Vacuum, vol. 163, pp. 263–268, May 2019."
109,18.2Al-18.2Co-18.2Cr-18.2Fe-18.2Ni-9Ti,900,18.2,18.2,18.2,0,18.2,0,0,0,0,18.2,0,0,9,0,0,0,0.278873239,,HEA,,"S. Wang, Z. Chen, P. Zhang, K. Zhang, C. L. Chen, and B. L. Shen, “Influence of Al content on high temperature oxidation behavior of AlxCoCrFeNiTi0.5 high entropy alloys,” Vacuum, vol. 163, pp. 263–268, May 2019."
109,18.2Al-18.2Co-18.2Cr-18.2Fe-18.2Ni-9Ti,1100,18.2,18.2,18.2,0,18.2,0,0,0,0,18.2,0,0,9,0,0,0,0.718309859,,HEA,,"S. Wang, Z. Chen, P. Zhang, K. Zhang, C. L. Chen, and B. L. Shen, “Influence of Al content on high temperature oxidation behavior of AlxCoCrFeNiTi0.5 high entropy alloys,” Vacuum, vol. 163, pp. 263–268, May 2019."
110,10Al-20Co-20Cr-20Fe-20Ni-10Ti,700,10,20,20,0,20,0,0,0,0,20,0,0,10,0,0,0,0.228169014,,HEA,,"S. Wang, Z. Chen, P. Zhang, K. Zhang, C. L. Chen, and B. L. Shen, “Influence of Al content on high temperature oxidation behavior of AlxCoCrFeNiTi0.5 high entropy alloys,” Vacuum, vol. 163, pp. 263–268, May 2019."
110,10Al-20Co-20Cr-20Fe-20Ni-10Ti,900,10,20,20,0,20,0,0,0,0,20,0,0,10,0,0,0,0.938028169,,HEA,,"S. Wang, Z. Chen, P. Zhang, K. Zhang, C. L. Chen, and B. L. Shen, “Influence of Al content on high temperature oxidation behavior of AlxCoCrFeNiTi0.5 high entropy alloys,” Vacuum, vol. 163, pp. 263–268, May 2019."
110,10Al-20Co-20Cr-20Fe-20Ni-10Ti,1100,10,20,20,0,20,0,0,0,0,20,0,0,10,0,0,0,2.011267606,,HEA,,"S. Wang, Z. Chen, P. Zhang, K. Zhang, C. L. Chen, and B. L. Shen, “Influence of Al content on high temperature oxidation behavior of AlxCoCrFeNiTi0.5 high entropy alloys,” Vacuum, vol. 163, pp. 263–268, May 2019."
111,IN718,900,1.28,0,21.03,0,19.01,0,0.21,1.8,3.22,52.09,0.41,0,0.96,0,0,0,0.631923224,,ref-super,,"G. A. Greene and C. C. Finfrock, “Oxidation of Inconel 718 in Air at High Temperatures,” Oxid. Met. 2001 555, vol. 55, no. 5, pp. 505–521, 2001."
111,IN718,1000,1.28,0,21.03,0,19.01,0,0.21,1.8,3.22,52.09,0.41,0,0.96,0,0,0,1.819879777,,ref-super,,"G. A. Greene and C. C. Finfrock, “Oxidation of Inconel 718 in Air at High Temperatures,” Oxid. Met. 2001 555, vol. 55, no. 5, pp. 505–521, 2001."
111,IN718,1100,1.28,0,21.03,0,19.01,0,0.21,1.8,3.22,52.09,0.41,0,0.96,0,0,0,2.622964128,,ref-super,,"G. A. Greene and C. C. Finfrock, “Oxidation of Inconel 718 in Air at High Temperatures,” Oxid. Met. 2001 555, vol. 55, no. 5, pp. 505–521, 2001."
111,IN718,1200,1.28,0,21.03,0,19.01,0,0.21,1.8,3.22,52.09,0.41,0,0.96,0,0,0,3.734043621,,ref-super,,"G. A. Greene and C. C. Finfrock, “Oxidation of Inconel 718 in Air at High Temperatures,” Oxid. Met. 2001 555, vol. 55, no. 5, pp. 505–521, 2001."
